{
    "tasks": [
      {
        "id": 1,
        "description": "Read Pg 323 chapter 8.1 & 8.2.1 from DBMS textbook",
        "completed": false
      },
      {
        "id": 2,
        "description": "Complete FIGMA for Web Dev evaluation",
        "completed": false
      },
      {
        "id": 3,
        "description": "Group Project meeting omokk, ",
        "completed": true
      }
    ],
    "assignments": [
      {
        "id": 1,
        "description": "OS Lab 4",
        "dueDate": "11/12/24",
        "completed": false
      },
      {
        "id": 2,
        "description": "JAVA Lab questions",
        "dueDate": "23/12/24",
        "completed": true
      },
      {
        "id": 3,
        "description": "DBMS SQL table creation",
        "dueDate": "16/9/24",
        "completed": true
      }
    ]
  }
  